year,match_id,minute_2_0,xg_at_event,is_home_lead,target_comeback
2015,84,17,0.37256140634417534,1,0
2015,85,48,1.6677009733393788,0,0
2015,88,56,0.731504499912262,0,0
2015,90,23,0.251972496509552,0,0
2015,92,44,1.268755204975605,0,0
2015,93,36,0.28963350411504507,0,0
2015,94,51,0.39091240148991346,1,0
2015,95,46,0.9427954945713282,1,1
2015,97,37,0.6560568083077669,0,0
2015,99,78,2.1594167929142714,1,0
2015,104,86,1.8529323060065508,1,0
2015,106,27,0.094742301851511,0,0
2015,107,29,0.9915619194507599,0,0
2015,108,87,1.5956716062501073,0,0
2015,116,28,0.22546030022203922,0,0
2015,117,55,0.7854916080832481,1,0
2015,119,63,1.4844844061881304,1,0
2015,121,21,0.1727019026875496,1,0
2015,122,84,4.001076253131032,1,0
2015,126,51,0.4503710027784109,1,0
2015,127,69,1.008605821058154,1,0
2015,129,62,1.2662620777264237,0,1
2015,130,47,1.226112114265561,1,0
2015,132,27,1.179442210122943,0,0
2015,134,8,0.0,1,0
2015,135,19,0.07863080129027367,1,1
2015,137,30,0.6983449216932058,0,0
2015,142,60,0.9335944913327694,1,0
2015,145,58,0.8281770944595337,1,0
2015,146,48,0.30419760197401047,1,0
2015,148,59,1.0009952848777175,1,1
2015,150,53,0.8108347151428461,1,1
2015,151,88,0.8540585990995169,1,0
2015,155,46,1.485779969021678,0,0
2015,156,21,0.0749727999791503,1,1
2015,160,6,0.008856589905917645,1,0
2015,162,36,1.1287834160029888,1,1
2015,166,21,0.1518302969634533,0,0
2015,167,10,0.0,1,0
2015,168,67,1.1230848915874958,0,0
2015,175,68,1.2899037306196988,0,0
2015,176,37,0.23927330411970615,1,0
2015,177,64,1.3052170099690557,1,0
2015,185,67,0.9395943954586983,0,0
2015,186,47,0.9408873096108437,1,0
2015,188,30,0.5476403059437871,1,0
2015,189,35,0.35546880308538675,1,0
2015,190,45,0.32848030515015125,1,0
2015,192,64,0.7047068057581782,1,0
2015,193,90,1.0800173170864582,1,0
2015,202,25,0.6487907869741321,0,1
2015,205,61,1.470856912434101,0,0
2015,206,27,0.5886739064007998,1,0
2015,208,31,0.07531190104782581,0,0
2015,209,32,0.7123052105307579,1,0
2015,211,83,1.456333575770259,1,0
2015,213,35,0.439416890963912,0,1
2015,215,19,0.8244017083197832,1,0
2015,221,14,0.13173800706863403,1,0
2015,222,21,0.3242749869823456,0,0
2015,223,90,1.1884980406612158,1,0
2015,225,62,1.5937675861641765,1,0
2015,237,37,0.17443349957466125,0,0
2015,240,47,0.1683860970661044,1,0
2015,242,42,0.5251545011997223,0,0
2015,244,12,0.05258610099554062,1,0
2015,246,53,0.2661045975983143,0,0
2015,248,14,0.03666519932448864,1,0
2015,250,45,0.25795460119843483,1,0
2015,251,25,0.3119907071813941,1,0
2015,253,41,0.9341877866536379,1,0
2015,258,16,0.0,1,0
2015,260,54,0.6923378128558397,1,0
2015,263,86,0.508556199260056,1,0
2015,266,62,1.625810980796814,1,0
2015,268,78,2.4340476877987385,1,0
2015,271,54,1.7404707297682762,1,0
2015,279,59,1.1552151795476675,0,0
2015,281,37,0.8881462998688221,0,1
2015,284,72,1.562344084493816,1,0
2015,292,40,0.7231507040560246,1,0
2015,293,14,0.118870098143816,1,0
2015,294,34,0.26912979781627655,1,0
2015,296,53,0.7006552070379257,1,0
2015,302,83,1.6156070996075869,0,0
2015,304,65,1.0411427104845643,1,0
2015,307,57,1.015231592580676,1,0
2015,309,33,0.3422813005745411,0,0
2015,312,70,1.339997480623424,1,0
2015,313,29,0.5659887008368969,0,0
2015,315,84,1.9023674093186855,1,0
2015,317,22,0.4058101009577513,1,0
2015,319,87,1.3648067153990269,1,0
2015,321,47,1.4346292670816183,0,0
2015,323,27,0.048992499709129333,0,0
2015,327,69,0.9164319122210145,1,1
2015,329,23,0.20714089646935463,0,0
2015,333,64,0.4028356038033962,1,1
2015,336,51,0.5041582928970456,0,0
2015,337,8,0.010604700073599815,1,0
2015,339,24,0.019991500303149223,0,0
2015,345,55,0.3474611034616828,1,0
2015,346,19,0.39850289188325405,1,0
2015,348,31,0.5717943925410509,1,0
2015,349,29,0.1425304990261793,0,0
2015,350,78,1.0076614990830421,1,0
2015,353,45,0.27524590119719505,0,0
2015,357,40,0.09130620025098324,1,0
2015,363,55,1.3892259337008,1,1
2015,364,49,1.2050304021686316,1,0
2015,370,29,0.4723907131701708,0,0
2015,372,47,1.6848091213032603,0,0
2015,374,41,0.4605097081512213,0,0
2015,377,50,0.41754659824073315,0,0
2015,380,21,0.4893263019621372,0,1
2015,383,15,0.020401399582624435,1,0
2015,384,45,0.6411544037982821,0,0
2015,385,37,0.7225729078054428,1,0
2015,386,11,0.14829139783978462,0,0
2015,388,52,0.5039777979254723,1,1
2015,394,34,0.5500871948897839,0,1
2015,396,37,0.5702934954315424,1,0
2015,398,73,0.5810505049303174,0,0
2015,401,94,2.414898419752717,0,0
2015,402,73,0.8761748569086194,1,0
2015,405,52,0.488175880163908,0,0
2015,408,81,1.035671504214406,1,0
2015,410,53,1.3386807069182396,0,0
2015,412,46,0.6694358047097921,0,0
2015,414,66,1.456319397315383,0,0
2015,416,44,0.4784716935828328,1,0
2015,418,46,1.2700029984116554,1,0
2015,419,37,0.5601345989853144,1,0
2015,420,42,0.557737591676414,1,0
2015,421,38,1.3353083860129118,0,0
2015,422,33,0.4518266022205353,0,0
2015,423,29,0.11538250185549259,1,1
2015,425,29,0.2417611964046955,1,0
2015,431,46,1.193585578352213,0,0
2015,433,32,1.6414201948791742,1,0
2015,435,27,0.7128517962992191,1,0
2015,436,43,0.62060840241611,0,1
2015,439,30,0.4104843996465206,0,0
2015,443,32,0.6851696986705065,1,0
2015,445,75,1.3157695028930902,1,0
2015,449,41,0.23573659732937813,1,0
2015,451,77,1.4606406018137932,1,0
2015,453,43,1.1201299987733364,1,0
2015,454,38,0.4586225999519229,1,0
2015,455,60,1.1431538881734014,1,0
2015,460,73,0.9596876855939627,1,0
2016,468,58,1.191419005393982,0,0
2016,471,51,0.5358834965154529,1,0
2016,472,35,0.3585825003683567,0,0
2016,473,36,0.31858349964022636,1,0
2016,474,91,2.05476538464427,0,0
2016,479,44,0.27877709828317165,0,0
2016,482,39,0.6217164043337107,0,0
2016,483,51,0.3771972041577101,1,0
2016,485,40,0.7574416063725948,1,0
2016,490,17,0.3526584981009364,1,0
2016,491,35,0.27921339496970177,0,0
2016,493,55,1.286635598167777,0,0
2016,494,93,2.1909262761473656,1,0
2016,497,32,1.047726983204484,1,1
2016,498,30,0.864476784132421,1,0
2016,500,67,1.9739667009562254,0,0
2016,501,35,0.4264885997399688,0,0
2016,502,54,2.482459718361497,0,0
2016,503,47,0.9860251229256392,1,0
2016,504,24,0.4601869713515043,1,0
2016,505,36,0.7204672005027533,1,0
2016,506,41,0.3953865086659789,1,0
2016,508,11,0.05443590134382248,1,0
2016,511,36,1.097051978111267,1,0
2016,512,22,0.28176209703087807,0,0
2016,514,59,1.3269730964675546,1,1
2016,516,29,1.2299619801342487,1,0
2016,518,13,0.11847740225493908,1,0
2016,519,61,1.0369121860712767,0,0
2016,520,49,0.40885369665920734,1,0
2016,524,66,1.312981397844851,0,0
2016,531,32,0.5171235129237175,1,0
2016,532,32,0.458906102925539,1,0
2016,535,45,1.1493395771831274,1,0
2016,539,59,1.9458647100254893,1,0
2016,544,62,1.4246853785589337,1,0
2016,545,49,0.7953413799405098,0,0
2016,548,34,0.25769510120153427,1,0
2016,550,20,0.14347900077700615,1,0
2016,2680,27,0.8587298970669508,0,0
2016,2681,55,0.8601791076362133,1,0
2016,2684,75,1.4504168080165982,1,0
2016,2685,54,0.934063084423542,0,0
2016,2688,13,0.13296350091695786,1,0
2016,2691,19,0.02449199929833412,1,0
2016,2693,29,1.1758509050123394,1,0
2016,2695,20,0.16769420355558395,0,0
2016,2700,61,1.0441946126520634,1,0
2016,2701,11,0.019916100427508354,1,0
2016,2706,15,0.48312820866703987,1,0
2016,2710,90,1.5073250764980912,1,0
2016,3105,69,2.4113723980262876,0,0
2016,3106,35,0.14083020109683275,1,0
2016,3107,34,0.8624580344185233,1,0
2016,3109,45,0.8009571898728609,1,0
2016,3110,33,0.2985187890008092,1,0
2016,3111,71,1.5290976027026772,0,0
2016,3112,21,0.57668037712574,0,1
2016,3117,53,0.7749311001971364,1,0
2016,3119,15,0.509837506338954,1,0
2016,3120,4,0.0,1,0
2016,3127,59,0.686567704193294,0,0
2016,3131,60,0.8372485525906086,1,0
2016,3132,85,1.3880200227722526,1,0
2016,3134,62,1.2295529004186392,1,0
2016,3136,28,0.13229060359299183,1,0
2016,3138,47,0.6781389974057674,1,1
2016,3140,55,1.0893923109397292,0,0
2016,3148,90,1.1283902246505022,0,0
2016,3146,49,1.3102412316948175,0,0
2016,3147,81,1.9455632166936994,1,0
2016,3151,48,0.530552301555872,1,0
2016,3152,77,0.9394920002669096,0,0
2016,3155,64,1.3935104608535767,1,0
2016,3157,50,0.5065146051347256,1,0
2016,3161,45,0.2563725719228387,0,0
2016,3328,32,0.4410304073244333,0,0
2016,3329,55,1.2213085126131773,1,0
2016,3331,80,1.257211540825665,1,0
2016,3332,61,0.5197001975029707,1,0
2016,3335,77,2.5361359026283026,0,0
2016,3336,20,0.037940699607133865,1,1
2016,3338,48,0.5731961997225881,1,0
2016,3339,53,0.7991195423528552,1,0
2016,3340,76,1.9946209592744708,1,0
2016,3342,21,0.2518054023385048,0,0
2016,3343,72,1.2825660966336727,0,0
2016,3346,78,1.3085891855880618,1,0
2016,3347,50,0.24474859610199928,0,0
2016,3348,46,0.2166597004979849,1,0
2016,3350,51,0.8213444035500288,0,0
2016,3355,35,1.046324190683663,1,0
2016,3356,53,1.0980547964572906,1,1
2016,3357,38,0.5848006922751665,1,0
2016,3359,80,0.5200173016637564,1,0
2016,3360,12,0.18438770715147257,0,0
2016,3361,91,0.7953778021037579,0,0
2016,3367,20,0.2261526957154274,0,0
2016,3370,52,0.7872175984084606,1,0
2016,3371,42,0.8943427093327045,0,0
2016,3372,23,0.29513269662857056,1,0
2016,3373,83,1.8108119033277035,1,0
2016,3374,46,0.49589870497584343,1,0
2016,3379,43,0.4790729936212301,0,0
2016,3380,92,2.3862712336704135,1,0
2016,3381,59,1.365766504779458,1,0
2016,3384,44,0.2566688023507595,0,0
2016,3386,17,0.6294160895049572,1,0
2016,3388,46,0.42122420482337475,1,0
2016,3393,79,1.5140823973342776,1,0
2016,3397,31,1.0023719016462564,1,0
2016,3399,38,0.8090459071099758,1,0
2016,3403,41,0.6552573582157493,1,0
2016,3408,83,1.2657399028539658,0,0
2016,3401,39,0.2698535043746233,1,0
2016,3406,55,0.6520638074725866,1,0
2016,3404,58,1.467878881841898,0,0
2016,3409,49,0.34447430819272995,0,0
2016,3416,45,0.37542649917304516,1,0
2016,3417,77,2.1065428676083684,1,0
2016,3421,6,0.012714999727904797,0,0
2016,3427,77,1.155987098813057,1,0
2016,3425,61,1.590905704535544,0,0
2016,3422,32,1.202699794434011,1,0
2016,3431,76,1.436267089098692,0,0
2016,3434,46,1.1021320782601833,1,0
2016,3443,48,1.6404265938326716,1,0
2016,3445,77,1.023919701576233,1,0
2016,3440,67,1.293835756368935,1,0
2016,3453,38,0.4853652957826853,1,0
2016,3457,63,1.5301540214568377,1,0
2016,3452,45,1.491758393123746,0,0
2016,3459,62,0.95086669921875,1,0
2016,3465,18,0.08379010111093521,1,0
2016,3468,51,0.6981321983039379,0,1
2016,3462,76,1.780341706238687,0,0
2016,3460,48,0.1771409958600998,1,0
2016,3471,15,0.02329069934785366,1,0
2016,3474,70,1.689701915718615,1,0
2016,3478,69,1.7877573240548372,1,0
2016,3472,38,1.089423700235784,0,0
2016,3480,84,1.060012700036168,0,0
2016,3481,78,1.791126023977995,0,0
2016,3487,57,1.9398545268923044,1,0
2016,3497,48,0.9433726891875267,1,0
2016,3494,91,1.600061297416687,0,0
2016,3495,57,0.5901624877005816,1,0
2016,3490,56,1.0625259056687355,1,0
2016,3493,33,0.24858979508280754,1,0
2016,3390,82,1.5749375261366367,0,0
2016,3503,35,1.2348404079675674,1,0
2016,3504,56,0.9805483967065811,0,0
2016,3506,46,0.33168719336390495,0,0
2016,3505,54,0.5133539102971554,0,0
2016,3501,33,0.18689750134944916,1,0
2016,3509,56,2.416457218118012,0,0
2016,3507,47,1.0436865012161434,1,0
2016,3470,80,2.317203452810645,1,0
2016,3477,28,0.4157675066962838,1,0
2016,3475,35,0.4796841023489833,0,0
2016,3510,26,0.7698159134015441,1,0
2016,3513,12,0.02898010052740574,0,0
2016,3515,50,0.776740500703454,1,0
2016,3516,18,0.11648460477590561,1,0
2016,3519,22,0.816983176395297,0,0
2017,7123,38,0.04116380028426647,0,0
2017,7124,77,1.9164505377411842,0,0
2017,7127,69,1.349272407591343,0,0
2017,7128,52,0.658541290089488,1,0
2017,7129,79,1.9530390137806535,0,0
2017,7130,37,0.2935445038601756,1,0
2017,7131,85,2.2953990902751684,0,0
2017,7133,53,1.158512620255351,1,0
2017,7137,87,1.424420004710555,0,0
2017,7141,47,1.1147299110889435,0,0
2017,7142,71,0.9606186002492905,1,0
2017,7145,81,2.1244700932875276,1,0
2017,7140,39,0.2665556985884905,1,0
2017,7148,39,1.3286532871425152,1,0
2017,7149,50,1.3424074202775955,1,0
2017,7150,65,0.691364198923111,0,0
2017,7151,49,0.7277456056326628,0,0
2017,7152,26,0.21847760491073132,1,0
2017,7153,47,0.24702583067119122,1,0
2017,7154,41,0.7107891961932182,0,0
2017,7158,76,1.2366812927648425,1,0
2017,7164,30,0.6038103057071567,0,0
2017,7168,82,2.4813027027994394,1,0
2017,7169,37,0.34311680030077696,0,0
2017,7170,29,0.017957299947738647,0,0
2017,7173,50,2.40270231757313,1,0
2017,7176,22,0.9572592033073306,0,0
2017,7178,66,1.2322881929576397,1,0
2017,7179,15,0.20774560049176216,0,0
2017,7180,34,0.24373400025069714,1,0
2017,7182,20,0.08892250061035156,1,1
2017,7186,55,1.500319286249578,1,0
2017,7194,18,0.5945947133004665,1,0
2017,7196,47,1.0782054886221886,1,0
2017,7208,46,0.704084393568337,0,0
2017,7201,32,0.4250964932143688,1,0
2017,7202,72,1.8913118168711662,1,0
2017,7205,17,0.0,0,0
2017,7207,11,0.0,1,0
2017,7213,42,0.7424541180953383,0,1
2017,7217,57,1.2048816150054336,1,0
2017,7214,28,0.4230191074311733,1,0
2017,7227,23,0.41233279556035995,0,0
2017,7228,49,0.39851449988782406,1,0
2017,7220,63,1.0768862003460526,0,1
2017,7236,40,0.3392206970602274,1,0
2017,7229,22,0.21102280542254448,0,0
2017,7231,40,0.5147251961752772,1,0
2017,7233,39,0.3803646992892027,1,0
2017,7235,48,0.3454000987112522,0,0
2017,7237,30,0.6796047007665038,1,0
2017,7230,63,2.268088672310114,1,0
2017,7242,61,1.4065849054604769,0,0
2017,7245,83,2.1229329807683825,0,0
2017,7249,45,1.315984713844955,1,0
2017,7251,24,0.0593331977725029,0,0
2017,7252,55,0.8406958980485797,1,0
2017,7253,64,0.6268326584249735,0,0
2017,7254,67,2.686128778383136,1,0
2017,7256,27,0.87226901948452,1,0
2017,7258,76,1.9883999731391668,0,0
2017,7260,72,0.4958061929792166,1,0
2017,7268,30,0.3426979035139084,0,0
2017,7266,10,0.1747635006904602,0,0
2017,7270,53,0.8234217949211597,1,0
2017,7274,42,0.11820649914443493,1,0
2017,7280,42,0.1551123997196555,0,0
2017,7281,33,0.9364995956420898,0,0
2017,7285,31,0.6557710971683264,0,0
2017,7288,86,2.11735731177032,1,0
2017,7294,39,0.813614297658205,0,0
2017,7296,22,0.21307249832898378,0,0
2017,7297,74,2.1404775083065033,0,0
2017,7298,69,1.5856902115046978,1,0
2017,7295,34,0.033325500786304474,0,0
2017,7290,25,0.3789429059252143,0,0
2017,7301,51,1.2316927034407854,0,1
2017,7306,46,0.9065232072025537,1,0
2017,7308,52,0.40053319837898016,1,0
2017,7304,68,2.17960212379694,0,0
2017,7316,38,0.5190352937206626,1,0
2017,7310,59,1.3608577884733677,1,0
2017,7314,35,0.3670635027810931,0,1
2017,7313,51,0.8952757995575666,1,0
2017,7320,8,0.07866690307855606,1,0
2017,7334,59,0.4455544017255306,1,0
2017,7333,80,2.25682754535228,0,0
2017,7338,88,1.0629842868074775,0,0
2017,7335,62,1.7423702869564295,1,0
2017,7347,43,0.481212199665606,0,1
2017,7348,54,0.7909267051145434,1,0
2017,7346,46,0.5689820116385818,1,0
2017,7344,37,1.0815018005669117,1,0
2017,7350,5,0.053085699677467346,0,0
2017,7349,9,0.02737019956111908,1,0
2017,7353,90,1.236942389048636,1,0
2017,7356,68,0.7614269023761153,1,0
2017,7354,62,0.7017372902482748,1,0
2017,7359,45,0.3967759981751442,0,0
2017,7362,63,0.740172004327178,0,0
2017,7365,38,0.7858745949342847,1,0
2017,7366,67,1.2281938958913088,1,0
2017,7376,67,1.3745321137830615,1,0
2017,7369,13,0.30216369591653347,1,0
2017,7380,50,0.43069741502404213,1,0
2017,7388,77,1.5393851613625884,1,0
2017,7384,41,0.6003192998468876,0,0
2017,7379,62,1.9464120958000422,1,0
2017,7390,45,1.2680601123720407,0,1
2017,7391,68,0.9125096974894404,1,0
2017,7394,55,0.5544821973890066,0,0
2017,7395,50,1.1289502959698439,1,0
2017,7389,27,0.29055740498006344,0,0
2017,7406,31,0.48794240690767765,1,0
2017,7407,53,0.6686104107648134,1,0
2017,7403,54,0.7090487014502287,1,0
2017,7399,25,0.4348310958594084,1,0
2017,7401,47,0.33547140285372734,1,1
2017,7414,23,0.35842400789260864,1,0
2017,7415,28,0.16474810428917408,1,0
2017,7418,69,0.688981493934989,0,0
2017,7409,58,1.9995710290968418,1,0
2017,7416,49,0.2557412050664425,0,0
2017,7421,67,1.2329330332577229,0,0
2017,7423,42,0.33698259852826595,1,0
2017,7430,95,1.7699238238856196,0,0
2017,7434,16,0.6505384873598814,1,0
2017,7435,19,0.23434369638562202,1,0
2017,7438,72,0.90218560770154,0,0
2017,7433,11,0.40417590737342834,0,0
2017,7429,85,2.293674498796463,1,0
2017,7444,74,0.4047230826690793,0,0
2017,7445,30,0.5743294870480895,1,1
2017,7455,59,0.8638900024816394,1,1
2017,7449,8,0.3426089882850647,1,0
2017,7450,13,0.7203808734193444,1,0
2017,7452,68,1.1005708007141948,1,0
2017,7457,24,0.23868739791214466,0,0
2017,7463,69,1.6562744779512286,0,0
2017,7468,71,1.1302123870700598,0,1
2017,7465,15,0.0,1,0
2017,7470,37,1.4101718217134476,1,0
2017,7471,76,1.0228378055617213,0,0
2017,7477,47,0.9429944846779108,1,0
2017,7479,63,0.7654255088418722,0,0
2017,7482,27,0.975168488919735,1,0
2017,7487,47,0.4201958943158388,1,0
2017,7489,62,1.3453409960493445,1,0
2017,7493,77,1.1358041828498244,1,0
2017,7495,39,2.2736797146499157,1,0
2017,7497,58,0.8930948069319129,1,0
2018,9197,82,1.0137835927307606,1,0
2018,9199,53,1.3073888029903173,1,0
2018,9200,44,0.33340090047568083,0,0
2018,9201,79,1.052798266056925,0,0
2018,9202,90,3.6216249084100127,1,0
2018,9205,46,1.8616223074495792,1,0
2018,9206,63,1.970498949289322,0,0
2018,9211,30,0.9134736694395542,1,0
2018,9212,19,0.737912580370903,1,0
2018,9213,30,1.1739781368523836,1,0
2018,9215,26,0.26812999695539474,1,0
2018,9216,92,1.744262732565403,0,0
2018,9221,65,1.2379655987024307,0,1
2018,9224,70,1.7105716932564974,1,0
2018,9226,51,1.1036185789853334,0,0
2018,9227,44,1.1005025338381529,0,0
2018,9230,91,4.98495565680787,0,0
2018,9231,84,1.8829686269164085,1,0
2018,9233,61,1.67514971178025,0,1
2018,9232,43,0.7607805076986551,0,0
2018,9236,75,0.43019650410860777,1,0
2018,9237,53,0.9598986902274191,0,0
2018,9238,57,0.24447220005095005,0,0
2018,9239,20,0.6544267879799008,1,0
2018,9242,36,0.8703423030674458,1,0
2018,9243,37,0.421324897557497,0,0
2018,9245,30,0.4868386033922434,0,0
2018,9246,64,1.8662092611193657,1,1
2018,9249,47,0.8244922980666161,1,0
2018,9252,34,0.5092637874186039,0,0
2018,9253,40,0.5096162967383862,1,0
2018,9254,75,1.118591201491654,0,0
2018,9256,58,0.8043148014694452,1,0
2018,9258,86,1.2309722071513534,1,0
2018,9259,72,0.8078004089184105,0,0
2018,9260,64,1.6544139115139842,1,0
2018,9261,33,0.2878355085849762,0,0
2018,9262,65,1.9646551134064794,1,0
2018,9268,32,1.3921417873352766,0,0
2018,9273,9,0.009519499726593494,0,1
2018,9275,56,1.9399596769362688,0,0
2018,9278,20,0.07133439928293228,0,0
2018,9281,53,2.613174384459853,1,0
2018,9285,88,2.492632224224508,1,0
2018,9286,62,1.3798971762880683,1,0
2018,9288,65,0.9251581248827279,1,0
2018,9289,71,0.7289704997092485,0,0
2018,9291,18,0.10985529981553555,1,0
2018,9295,56,1.3946656798943877,0,0
2018,9287,48,1.3040674105286598,1,0
2018,9304,29,0.15819869935512543,0,0
2018,9300,17,0.22649090737104416,1,0
2018,9309,39,0.8225265787914395,1,0
2018,9313,52,1.7308676932007074,1,0
2018,9315,47,0.5487514995038509,1,0
2018,9317,18,0.2378426045179367,0,0
2018,9318,75,0.8138214983046055,0,0
2018,9323,15,0.9626661017537117,1,0
2018,9325,73,0.8683661976829171,0,0
2018,9328,63,1.695218389853835,0,0
2018,9331,22,0.05631449818611145,1,0
2018,9333,76,1.8961330149322748,1,0
2018,9327,19,0.26183360256254673,1,1
2018,9334,81,1.5151769248768687,1,0
2018,9337,30,0.12479179911315441,1,0
2018,9338,21,0.30147819966077805,1,0
2018,9340,53,1.5937089258804917,1,0
2018,9341,50,1.704192291945219,0,0
2018,9346,50,0.5195780657231808,1,0
2018,9355,47,0.42106329649686813,0,0
2018,9349,27,0.15926319733262062,1,0
2018,9352,77,0.7275881916284561,1,0
2018,9350,57,0.34841969795525074,0,0
2018,9361,49,0.7677695956081152,1,0
2018,9357,93,1.3728053318336606,1,0
2018,9358,51,0.8203436117619276,1,0
2018,9364,28,0.7566391071304679,0,0
2018,9366,32,0.23168670013546944,0,0
2018,9367,67,0.7998207081109285,0,0
2018,9376,47,1.0446749087423086,1,0
2018,9368,86,3.253107232041657,0,0
2018,9371,41,0.10839480068534613,0,0
2018,9375,76,1.2727138977497816,1,0
2018,9374,28,0.18398259952664375,0,0
2018,9378,22,0.7396625950932503,1,0
2018,9380,63,1.5921344067901373,1,0
2018,9381,47,0.9558160956948996,1,0
2018,9385,12,0.018619399517774582,0,0
2018,9395,33,0.6316760890185833,1,0
2018,9390,32,0.1036325991153717,1,0
2018,9406,54,2.9440659675747156,1,0
2018,9404,11,0.02033100090920925,0,0
2018,9397,94,1.3772110370919108,0,0
2018,9398,57,0.4461221983656287,0,1
2018,9405,26,0.6853563115000725,0,1
2018,9399,79,1.3907313058152795,0,0
2018,9410,46,0.9096513222903013,0,0
2018,9412,73,2.247327908873558,0,0
2018,9411,94,2.733930596150458,1,0
2018,9409,38,0.3908724971115589,1,0
2018,9417,11,0.3335934020578861,1,0
2018,9420,62,0.6247914070263505,1,0
2018,9421,41,1.1254185996949673,1,0
2018,9425,90,1.7013662653043866,1,0
2018,9426,38,1.7273162752389908,1,0
2018,9423,53,0.8290915004909039,0,0
2018,9424,92,1.85831078607589,0,0
2018,9427,79,1.2434666007757187,1,0
2018,9429,16,0.21571010164916515,0,1
2018,9431,82,1.0315702110528946,1,0
2018,9432,80,1.7920012203976512,0,1
2018,9430,62,1.146446693688631,1,0
2018,9442,86,1.3220012029632926,1,0
2018,9443,45,1.0082773994654417,1,0
2018,9444,45,0.8545596040785313,1,0
2018,9461,96,2.323305834084749,0,0
2018,9447,22,1.1781870359554887,0,0
2018,9455,33,0.35636269953101873,1,0
2018,9456,43,0.4296059971675277,0,0
2018,9449,60,1.3071084786206484,0,0
2018,9452,62,2.307254308834672,1,0
2018,9454,12,0.5802761986851692,1,0
2018,9463,60,0.8593754107132554,0,0
2018,9458,51,1.767436319962144,1,0
2018,9466,16,0.5855813063681126,1,0
2018,9467,62,1.5759101836010814,1,0
2018,9469,65,0.2777264956384897,0,0
2018,9473,37,0.2732787989079952,1,0
2018,9470,26,0.3635721951723099,1,0
2018,9472,40,0.7382612936198711,1,0
2018,9471,51,1.5644358890131116,0,0
2018,9476,19,0.08098090067505836,1,0
2018,9477,17,0.4242298901081085,1,0
2018,9484,75,1.30881239566952,0,0
2018,9478,41,0.21161850076168776,1,0
2018,9488,31,1.128882898017764,0,1
2018,9492,66,0.2970839999616146,0,0
2018,9495,51,0.7867492460645735,1,0
2018,9489,49,0.9509558938443661,1,0
2018,9496,68,2.8880331274122,1,0
2018,9503,71,2.2659343192353845,1,0
2018,9512,26,1.3124578734859824,0,0
2018,9509,71,2.052004280500114,1,0
2018,9511,81,2.048109909519553,1,0
2018,9513,87,2.685970618389547,1,0
2018,9508,32,1.1891218144446611,0,0
2018,9507,82,0.5372994095087051,1,0
2018,9462,59,1.6951935961842537,1,0
2018,9500,79,1.8426265437155962,1,0
2018,9522,43,1.4183800211176276,1,0
2018,9523,47,2.1659354586154222,0,0
2018,9526,19,0.15248999930918217,0,0
2018,9525,89,2.2554706763476133,1,0
2018,9528,26,0.19672340527176857,1,0
2018,9533,68,2.102580795995891,1,0
2018,9535,91,2.2535945773124695,1,0
2018,9536,54,0.791400009766221,0,0
2018,9534,62,1.0864380802959204,0,0
2018,9531,52,0.6021935977041721,1,0
2018,9505,49,0.37139370013028383,0,0
2018,9541,79,1.1551642986014485,0,0
2018,9539,30,0.17422770336270332,1,0
2018,9542,27,0.8400657074525952,1,0
2018,9544,80,2.588906869292259,0,0
2018,9497,36,0.5140038970857859,1,0
2018,9501,65,0.7788904840126634,0,0
2018,9551,22,0.31042479909956455,1,0
2018,9552,85,2.609203102067113,1,0
2018,9558,68,0.8443403784185648,1,0
2018,9564,39,0.3353907987475395,0,0
2018,9563,50,0.767294105142355,1,0
2018,9567,38,0.6125605050474405,0,0
2018,9570,53,1.1581270974129438,0,0
2018,9571,80,1.7929156925529242,1,0
2018,9573,10,0.1506438939832151,0,0
2018,9574,31,0.23987330310046673,1,0
2018,9575,62,2.1906037321314216,0,0
2019,11643,27,0.41753850132226944,1,0
2019,11644,50,0.7261473927646875,0,0
2019,11646,69,1.0789759205654263,1,0
2019,11648,76,0.582439492456615,0,0
2019,11652,64,0.918244494125247,1,0
2019,11654,11,0.15249909833073616,0,0
2019,11657,62,1.9575302237644792,1,0
2019,11658,70,2.4324961062520742,0,0
2019,11663,94,1.5053547453135252,1,0
2019,11666,90,2.298747298307717,0,0
2019,11670,48,1.2868634946644306,1,0
2019,11671,42,1.4394732899963856,0,0
2019,11674,55,0.8712098933756351,1,0
2019,11675,42,1.3493629973381758,1,0
2019,11678,41,1.012717891484499,1,0
2019,11680,79,1.02367296628654,0,0
2019,11682,39,0.5670862011611462,0,1
2019,11687,22,0.1426382977515459,1,0
2019,11688,33,0.18184979632496834,0,0
2019,11689,27,0.16079620458185673,1,0
2019,11691,31,0.23960229754447937,0,1
2019,11693,34,0.33549780026078224,0,0
2019,11695,6,0.1462009996175766,1,0
2019,11696,13,0.3094939887523651,1,0
2019,11700,83,1.548772712238133,1,0
2019,11701,29,0.3517839014530182,0,0
2019,11708,75,3.505970699712634,1,0
2019,11709,91,1.6104239728301764,1,0
2019,11710,53,0.979915420524776,1,0
2019,11713,31,0.19612800423055887,1,0
2019,11717,29,1.6919123996049166,0,0
2019,11716,93,2.1362070739269257,0,0
2019,11718,23,0.09176569804549217,0,0
2019,11727,91,2.3756653387099504,1,0
2019,11726,40,0.6728159859776497,0,0
2019,11740,16,0.153505003079772,0,0
2019,11737,64,2.1307221679016948,1,0
2019,11735,44,1.8734771255403757,0,0
2019,11733,8,0.06754010170698166,1,1
2019,11739,29,1.6580889243632555,0,0
2019,11746,83,1.947371725924313,1,0
2019,11750,42,0.5714992983266711,1,0
2019,11752,21,0.22070100158452988,0,0
2019,11751,54,0.9017689106985927,0,0
2019,11747,87,0.9286315115168691,0,0
2019,11757,51,1.0344030065461993,0,0
2019,11754,78,2.5618410324677825,1,0
2019,11753,43,0.08868000004440546,1,0
2019,11762,74,1.8767162328585982,1,0
2019,11760,83,1.8896411946043372,1,0
2019,11755,12,0.1794043993577361,1,0
2019,11772,42,0.45661159977316856,0,0
2019,11765,30,0.09138789866119623,0,0
2019,11766,81,2.687712114304304,0,0
2019,11768,91,1.8383201817050576,0,0
2019,11771,81,1.5539486007764935,0,0
2019,11770,51,0.9934541834518313,1,1
2019,11764,35,0.3144947923719883,1,0
2019,11773,77,1.8936165664345026,0,0
2019,11776,23,0.6872734185308218,1,0
2019,11779,49,1.0062083881348372,1,0
2019,11784,49,1.5217185951769352,0,0
2019,11785,94,1.295768910087645,1,0
2019,11787,85,1.5956199066713452,1,0
2019,11790,42,0.3175845965743065,1,0
2019,11792,16,0.13162430003285408,1,0
2019,11786,69,1.0154704134911299,0,0
2019,11796,48,0.9702743180096149,1,0
2019,11794,43,0.4556904146447778,0,0
2019,11800,8,0.09133069589734077,1,0
2019,11797,28,1.0297203920781612,0,0
2019,11793,40,1.4942012075334787,0,0
2019,11808,89,2.0109500968828797,1,0
2019,11810,72,0.33175510074943304,1,0
2019,11803,14,0.12798089906573296,0,0
2019,11813,30,1.3361621089279652,0,0
2019,11821,53,0.6596603076905012,1,0
2019,11820,48,0.48426230531185865,0,0
2019,11825,72,1.0623517166823149,0,0
2019,11828,70,2.1521207373589277,0,0
2019,11832,49,1.6270724246278405,0,1
2019,11834,78,0.8762041926383972,1,0
2019,11841,66,2.1591170830652118,1,0
2019,11835,94,1.3411383014172316,0,0
2019,11837,81,1.4911317033693194,1,0
2019,11846,40,0.4287752006202936,0,0
2019,11849,38,0.9493577862158418,0,0
2019,11852,48,1.1813948173075914,1,0
2019,11843,25,0.15069929510354996,1,0
2019,11848,57,0.5906385034322739,1,0
2019,11844,41,0.4558930993080139,1,0
2019,11847,63,1.593027101829648,1,0
2019,11858,37,0.7708442024886608,1,0
2019,11862,51,0.3312077969312668,1,0
2019,11857,64,1.0058039920404553,0,0
2019,11856,23,0.12129100318998098,0,0
2019,11870,34,0.8775654900819063,1,1
2019,11865,92,3.107152701355517,1,0
2019,11877,53,0.762670305557549,1,1
2019,11878,73,2.1224032985046506,1,0
2019,11882,47,0.6777824033051729,0,0
2019,11876,49,0.6462586978450418,1,0
2019,11879,55,1.2163336109369993,0,0
2019,11822,51,1.0255892369896173,0,0
2019,11883,43,1.103578300215304,1,0
2019,11887,59,1.625391830690205,1,0
2019,11891,41,0.4382448084652424,1,1
2019,11892,44,1.6023644097149372,1,0
2019,11890,70,3.0516992285847664,1,0
2019,11894,46,2.9490358866751194,0,0
2019,11893,56,1.7018843870609999,1,0
2019,11896,65,0.8085796944797039,0,0
2019,11898,61,1.620105399750173,1,0
2019,11906,47,0.9869985915720463,1,0
2019,11907,60,2.181641226634383,1,0
2019,11908,94,2.8133129086345434,1,0
2019,11910,57,0.9407158857211471,1,0
2019,11912,29,0.26626279950141907,1,0
2019,11921,59,1.1052624098956585,1,0
2019,11925,20,0.4700756948441267,1,0
2019,11932,95,2.0839192122220993,1,0
2019,11927,62,1.359873291105032,1,0
2019,11917,50,0.9890680192038417,1,0
2019,11937,53,1.0859245043247938,0,0
2019,11934,83,0.6832810174673796,0,0
2019,11942,22,0.127823400311172,0,0
2019,11938,68,1.5917341699823737,1,0
2019,11939,42,0.4933634027838707,1,0
2019,11950,43,0.9621085235849023,1,0
2019,11951,43,1.1198822790756822,1,0
2019,11952,86,1.6786712240427732,0,0
2019,11961,69,0.7200049981474876,0,0
2019,11956,28,0.21906019933521748,0,0
2019,11953,36,0.5019152825698256,1,0
2019,11955,29,0.4457567147910595,0,0
2019,11958,15,0.04805710166692734,1,0
2019,11960,68,0.5521256988868117,1,0
2019,11959,34,0.4785645045340061,1,0
2019,11965,76,1.025743005797267,1,0
2019,11972,85,1.3188032992184162,0,0
2019,11964,42,0.5420826943591237,1,0
2019,11966,88,0.5249415002763271,1,0
2019,11977,26,0.4185843477025628,0,0
2019,11979,20,0.2080048993229866,1,0
2019,11976,7,0.04902299866080284,0,0
2019,11974,49,1.4295615069568157,0,0
2019,11988,45,1.6746893022209406,0,0
2019,11989,32,0.22899390384554863,1,0
2019,11985,43,1.918129994533956,0,0
2019,11992,46,0.2931485064327717,1,0
2019,11983,58,1.0644714161753654,1,0
2019,11999,38,1.0105407033115625,1,0
2019,11998,78,3.2381691122427583,1,0
2019,11996,77,1.2914227051660419,0,0
2019,12001,9,0.0,1,0
2019,12004,97,2.415322215296328,0,0
2019,12010,39,1.0512668956071138,1,0
2019,12012,67,0.8777104094624519,1,0
2019,12011,39,1.0670008137822151,0,0
2019,12006,37,0.4538161866366863,1,0
2019,12014,23,0.7878916095942259,1,0
2019,12017,45,1.4099177066236734,1,0
2019,12018,97,1.051645912695676,0,0
2019,12021,48,0.3453195011243224,1,0
2020,14086,48,1.1638105139136314,0,0
2020,14091,86,1.4606083082035184,0,0
2020,14092,73,1.121857799589634,0,0
2020,14094,5,0.053645599633455276,0,0
2020,14098,73,1.5038168095052242,0,0
2020,14101,6,0.0,0,0
2020,14102,53,0.4320208951830864,0,0
2020,14105,31,0.18129810132086277,0,0
2020,14108,24,1.0169756226241589,1,1
2020,14113,56,1.8894615918397903,1,0
2020,14114,14,0.11505110189318657,0,0
2020,14467,65,0.6566306948661804,1,0
2020,14470,33,0.18949009757488966,0,0
2020,14473,68,0.7746324893087149,1,0
2020,14465,63,0.2245938964188099,1,0
2020,14466,21,1.0361694991588593,1,0
2020,14475,28,0.5409637000411749,1,1
2020,14481,85,2.478745451197028,0,0
2020,14483,7,0.25055400654673576,1,0
2020,14486,66,2.1457288889214396,0,0
2020,14489,63,1.6761092953383923,0,0
2020,14492,34,0.31473410222679377,1,0
2020,14504,26,0.30724799912422895,1,0
2020,14496,62,0.7162706032395363,0,0
2020,14495,32,0.36114619951695204,0,0
2020,14501,83,1.4808884719386697,1,0
2020,14497,29,0.15022310242056847,1,0
2020,14498,20,0.7485589981079102,0,0
2020,14512,81,0.8868889920413494,1,0
2020,14508,21,0.15687819570302963,1,0
2020,14505,74,2.1640311907976866,0,0
2020,14523,64,1.165575897321105,1,0
2020,14519,85,5.595152573660016,1,0
2020,14530,89,1.1864335043355823,0,0
2020,14533,21,0.1311690006405115,1,0
2020,14534,32,0.8834190154448152,1,1
2020,14532,37,0.8758614975959063,0,0
2020,14540,25,0.8200283963233232,1,0
2020,14542,45,0.2493839943781495,1,0
2020,14539,57,0.584640403278172,1,0
2020,14551,61,1.0353571055456996,1,0
2020,14553,40,1.5291734002530575,1,0
2020,14559,71,1.733814699575305,0,0
2020,14568,34,0.61191964475438,0,0
2020,14570,2,0.0,1,0
2020,14574,83,0.9477971754968166,0,0
2020,14566,50,0.6457717046141624,1,0
2020,14567,77,0.8471207115799189,1,0
2020,14576,65,3.1762495888397098,1,0
2020,14575,43,0.7290487010031939,1,0
2020,14581,54,1.1897153966128826,1,0
2020,14590,35,0.23838039580732584,0,0
2020,14599,42,1.4171512722969055,1,0
2020,14604,50,0.33814089745283127,1,0
2020,14600,27,0.5913080107420683,0,0
2020,14597,71,0.33381624473258853,0,0
2020,14603,20,0.5101933553814888,0,0
2020,14619,94,1.9039235040545464,1,0
2020,14622,39,0.6036905962973833,0,0
2020,14621,55,0.28987655276432633,1,0
2020,14615,59,1.0047853896394372,1,0
2020,14609,40,0.4803530089557171,1,0
2020,14089,89,3.482415921986103,1,0
2020,14535,41,0.2752546016126871,1,0
2020,14629,19,0.5822122097015381,0,0
2020,14644,92,2.597893620841205,0,0
2020,14637,83,1.2803737875074148,1,0
2020,14639,67,1.2327652806416154,0,0
2020,14651,24,0.1659356001764536,1,0
2020,14646,37,0.24718940258026123,0,0
2020,14647,43,0.7130660954862833,0,0
2020,14648,40,0.7104459851980209,0,0
2020,14645,55,0.6925712013617158,0,0
2020,14661,25,0.9085303843021393,1,0
2020,14660,44,0.41524410620331764,1,1
2020,14663,57,1.7538782097399235,1,0
2020,14662,57,0.7856338024139404,0,0
2020,14658,51,1.8956615962088108,1,0
2020,14668,9,0.32599399238824844,0,0
2020,14671,49,1.0389449978247285,1,0
2020,14665,40,0.805117292329669,1,0
2020,14669,64,1.0409456510096788,0,0
2020,14674,57,0.6662994958460331,1,0
2020,14667,38,1.115861794911325,1,0
2020,14680,82,2.107785180211067,0,0
2020,14683,46,1.0259677898138762,1,0
2020,14676,22,0.41576249711215496,0,0
2020,14608,77,2.2820496316999197,1,0
2020,14693,14,0.4738834984600544,1,0
2020,14701,48,1.0927578993141651,0,0
2020,14700,49,0.8069780897349119,0,0
2020,14704,27,1.0055990181863308,1,0
2020,14707,24,0.16725590080022812,0,0
2020,14708,55,0.6172706019133329,0,0
2020,14710,63,1.6335366815328598,1,0
2020,14715,50,0.663326196372509,1,0
2020,14724,16,0.14666900597512722,1,0
2020,14606,67,0.3671795018017292,0,0
2020,14730,73,1.01736269146204,0,0
2020,14725,67,0.5210926057770848,0,0
2020,14733,27,0.3396600056439638,0,1
2020,14734,13,0.20713409781455994,0,0
2020,14737,9,0.4246229939162731,0,0
2020,14744,43,0.2793192956596613,1,0
2020,14741,70,0.7721379958093166,0,0
2020,14743,34,1.5873727928847075,1,0
2020,14750,25,0.17768830060958862,1,0
2020,14764,20,0.278711199760437,0,0
2020,14768,58,0.7112027341499925,0,0
2020,14765,78,2.1744123604148626,1,0
2020,14767,48,0.8448436725884676,1,0
2020,14771,65,1.0586981046944857,0,0
2020,14773,60,0.6701299878768623,1,0
2020,14779,33,1.2344171246513724,0,0
2020,14782,87,2.630984403192997,0,0
2020,14780,89,2.8569522937759757,1,0
2020,14775,34,1.2820165185257792,1,0
2020,14777,43,1.1091369036585093,0,0
2020,14786,59,1.2409037025645375,0,0
2020,14792,59,1.297723134048283,1,0
2020,14793,61,3.074242086149752,1,0
2020,14802,94,1.8495571035891771,0,0
2020,14795,47,0.49964310694485903,0,1
2020,14797,65,1.3764570960775018,1,0
2020,14796,51,2.5796207804232836,0,0
2020,14805,59,0.582666028290987,1,0
2020,14806,51,1.7959431856870651,1,0
2020,14807,87,1.6746285082772374,0,0
2020,14808,41,0.33468060195446014,1,0
2020,14810,73,1.5114128245040774,1,0
2020,14811,13,0.3116997014731169,1,0
2020,14813,32,1.1922423224896193,1,0
2021,16376,72,1.014124408364296,1,0
2021,16379,39,0.23257550224661827,1,0
2021,16382,41,0.8403637930750847,1,0
2021,16383,64,1.3247651299461722,0,0
2021,16386,68,1.6353637147694826,1,0
2021,16387,63,0.4301147945225239,1,0
2021,16388,61,0.6269522979855537,1,0
2021,16391,40,0.09972020052373409,1,0
2021,16394,34,0.4121120013296604,0,0
2021,16395,55,1.0145827922970057,1,0
2021,16396,11,0.11680500209331512,1,0
2021,16400,57,0.6570798996835947,0,0
2021,16406,83,1.9714947436004877,1,0
2021,16413,48,1.1058872397989035,1,0
2021,16414,49,2.2254174184054136,0,0
2021,16417,33,0.9250151058658957,0,0
2021,16420,77,2.4049923196434975,1,0
2021,16422,74,1.041738593019545,1,0
2021,16423,49,0.640188998542726,1,0
2021,16425,56,1.6081923302263021,0,0
2021,16428,76,1.0556155005469918,1,0
2021,16434,26,0.2846410032361746,1,0
2021,16439,36,0.3109087971970439,0,1
2021,16455,36,0.23299480229616165,0,0
2021,16447,67,1.2876847079023719,1,1
2021,16451,69,1.7393436003476381,1,0
2021,16456,50,2.5407047374174,1,0
2021,16459,17,0.025725699961185455,1,0
2021,16458,27,0.6515832934528589,0,0
2021,16463,12,0.28842389956116676,0,0
2021,16468,17,0.2101628016680479,0,0
2021,16467,31,1.1714872904121876,1,0
2021,16469,23,0.7211694046854973,1,1
2021,16470,87,0.9453317299485207,0,0
2021,16471,76,1.6111962050199509,0,0
2021,16473,63,1.4168672692030668,0,0
2021,16475,31,0.5078376904129982,1,0
2021,16477,28,1.0324473837390542,0,0
2021,16480,77,1.7681103944778442,1,0
2021,16488,27,0.7272445932030678,0,0
2021,16486,88,0.8031847011297941,1,0
2021,16494,43,1.9661619178950787,1,0
2021,16489,51,0.9954880764707923,1,0
2021,16490,54,1.489899991080165,1,0
2021,16496,65,1.97156239207834,1,0
2021,16501,85,0.6799270985648036,0,0
2021,16503,31,0.640930101275444,1,0
2021,16504,89,1.9986016368493438,1,0
2021,16506,42,0.5857155788689852,0,0
2021,16507,18,0.8876790255308151,0,0
2021,16523,30,1.9458157792687416,0,0
2021,16522,66,2.1989624090492725,1,0
2021,16526,26,0.20585560239851475,1,0
2021,16532,56,0.40128619968891144,1,0
2021,16531,61,1.071983295492828,1,0
2021,16541,86,1.3215839806944132,0,0
2021,16545,12,0.5702167171984911,1,0
2021,16536,86,2.624584493227303,1,0
2021,16548,27,1.2226819111965597,0,0
2021,16550,26,0.11038200370967388,0,0
2021,16560,13,0.03425149992108345,1,0
2021,16562,43,1.0602182243019342,0,0
2021,16563,33,0.6473424062132835,1,0
2021,16556,55,0.5065258909016848,0,0
2021,16557,41,0.46536950021982193,1,0
2021,16570,37,0.40104340203106403,1,0
2021,16574,34,1.1912328246980906,1,0
2021,16579,24,1.1151157263666391,0,0
2021,16580,20,0.16019659955054522,0,0
2021,16578,25,0.4840270970016718,0,1
2021,16554,82,1.8433905076235533,1,0
2021,16595,58,0.8204407850280404,1,0
2021,16586,66,1.5667161978781223,0,1
2021,16589,68,1.6163404872640967,1,0
2021,16537,61,2.0651632649824023,0,0
2021,16605,73,0.9697605986148119,0,0
2021,16599,31,0.36195369623601437,0,0
2021,16598,54,0.8869871981441975,1,0
2021,16612,79,2.0016254633665085,1,0
2021,16615,68,1.4233611300587654,1,0
2021,16614,86,2.1309205116704106,1,0
2021,16619,22,0.47325069084763527,1,0
2021,16625,82,1.7237582076340914,0,0
2021,16623,47,1.7015145048499107,0,0
2021,16624,17,0.28362690284848213,0,0
2021,16549,96,3.4815451819449663,1,0
2021,16626,78,1.5341656878590584,1,0
2021,16628,39,0.20663169957697392,0,0
2021,16633,83,2.3507359977811575,1,0
2021,16630,49,1.4003100171685219,0,0
2021,16559,29,0.4226742945611477,1,0
2021,16644,87,2.7025973070412874,1,0
2021,16642,14,0.6363463085144758,0,0
2021,16637,43,0.8921587932854891,0,0
2021,16638,67,1.2024969113990664,0,0
2021,16588,89,2.381348797120154,0,0
2021,16646,43,1.5231403857469559,1,0
2021,16647,52,1.01267917919904,0,0
2021,16651,13,0.829827081412077,1,0
2021,16652,51,0.7503702938556671,0,0
2021,16655,33,0.598569811321795,0,0
2021,16653,36,0.8734683766961098,1,0
2021,16565,20,0.025242600589990616,1,0
2021,16672,13,0.15873049944639206,0,0
2021,16572,64,0.40047210454940796,0,0
2021,16658,60,1.485864108428359,0,0
2021,16657,93,1.3787995893508196,1,0
2021,16664,33,0.2800109013915062,0,0
2021,16665,81,1.5426725195720792,1,0
2021,16656,58,2.033986823633313,1,0
2021,16528,56,2.0650134794414043,0,0
2021,16636,61,0.8181734886020422,0,0
2021,16675,55,1.3432165114209056,1,1
2021,16668,32,0.17655130103230476,1,0
2021,16680,88,1.6774409264326096,1,0
2021,16684,24,0.11505239922553301,0,0
2021,16682,23,0.010493500158190727,1,0
2021,16686,72,1.2980683408677578,0,0
2021,16687,15,0.2930913921445608,0,0
2021,16695,65,1.054059230722487,0,0
2021,16694,49,1.541789498180151,0,0
2021,16688,85,2.5776236867532134,1,0
2021,16691,44,0.4048369014635682,1,0
2021,16693,63,0.48662619665265083,1,0
2021,16702,31,0.9815856032073498,1,0
2021,16669,21,0.1476254966109991,1,0
2021,16670,64,0.7265399005264044,1,0
2021,16667,43,2.3855325654149055,1,0
2021,16715,31,1.1309057176113129,1,0
2021,16706,40,0.8356655836105347,0,0
2021,16707,22,0.3351830057799816,1,0
2021,16708,84,1.2216212917119265,1,0
2021,16716,69,1.4926985166966915,0,0
2021,16718,85,1.4513855036348104,0,0
2021,16725,92,2.4773968691006303,1,0
2021,16723,53,0.8287886064499617,0,0
2021,16719,59,0.8479249160736799,1,0
2021,16722,60,0.8140985015779734,1,0
2021,16731,57,1.5091515947133303,1,1
2021,16732,30,0.589994590729475,0,0
2021,16734,13,0.7680220883339643,1,0
2021,16733,48,0.7342579066753387,1,0
2021,16726,29,0.2435619980096817,0,0
2021,16735,9,0.10759369749575853,1,0
2021,16727,37,2.10335535928607,1,0
2021,16703,54,0.7383183035999537,0,0
2021,16582,61,3.126674300059676,1,0
2021,16593,36,0.35792560409754515,1,0
2021,16737,44,0.5643749972805381,1,0
2021,16744,46,2.2822267739102244,1,1
2021,16704,35,0.2789119966328144,0,1
2021,16746,30,0.9426347110420465,1,0
2021,16749,59,0.4045419106259942,0,0
2021,16752,73,1.7926623169332743,1,0
2021,16754,68,1.541585611179471,0,1
2021,16755,31,0.4194045923650265,0,0
2022,18204,79,0.8985804123803973,1,0
2022,18206,77,1.4852539487183094,1,0
2022,18209,38,0.6128675965592265,0,0
2022,18210,45,0.3523394949734211,1,1
2022,18211,64,0.9775449009612203,0,0
2022,18212,85,1.655446982011199,1,0
2022,18214,30,0.6378293111920357,1,0
2022,18215,59,0.9285785015672445,0,1
2022,18217,34,0.8026638086885214,1,0
2022,18218,17,0.22629359643906355,1,0
2022,18225,19,0.6502377055585384,1,0
2022,18227,10,0.2561599910259247,0,0
2022,18228,36,0.4381788931787014,1,0
2022,18229,65,0.6020533014088869,0,0
2022,18231,52,1.1448684073984623,1,0
2022,18235,62,1.907967809587717,1,0
2022,18236,5,0.0,1,0
2022,18241,80,2.203775927890092,0,0
2022,18246,22,0.6453472040593624,1,0
2022,18254,46,0.2986444979906082,1,1
2022,18255,74,2.2711994256824255,1,0
2022,18257,42,0.3780216593295336,1,0
2022,18274,15,0.13112309854477644,0,0
2022,18280,27,0.1205171961337328,0,0
2022,18285,32,1.437064003199339,0,0
2022,18288,16,0.975991390645504,0,0
2022,18291,53,0.6721886014565825,1,0
2022,18289,33,0.882158886641264,1,0
2022,18287,26,0.9821272986009717,1,0
2022,18295,53,2.0049384981393814,1,0
2022,18298,31,0.7188362842425704,1,0
2022,18299,27,0.3196021057665348,1,0
2022,18303,63,1.8521419344469905,1,0
2022,18310,85,2.0861327052116394,1,0
2022,18302,64,2.693629113957286,0,0
2022,18321,68,1.8696465836837888,1,0
2022,18316,67,2.7057642303407192,1,0
2022,18324,62,0.7664669984951615,1,0
2022,18326,42,0.27659688144922256,1,0
2022,18322,6,0.0898446012288332,1,0
2022,18331,18,0.5002113040536642,0,0
2022,18329,39,1.0034335926175117,0,0
2022,18330,91,1.4304992016404867,1,0
2022,18333,49,0.3435507006943226,1,1
2022,18341,55,1.378617249429226,1,0
2022,18332,48,1.148190287873149,1,0
2022,18344,85,3.081790796481073,0,0
2022,18342,10,0.0,1,0
2022,18348,57,1.5769264660775661,0,0
2022,18349,39,0.633046904578805,0,0
2022,18352,24,0.4153571967035532,1,0
2022,18360,77,1.6268661161884665,0,0
2022,18361,74,1.4719272907823324,0,0
2022,18364,53,0.43481509760022163,1,1
2022,18366,70,0.9254285022616386,0,0
2022,18369,6,0.10225900262594223,0,0
2022,18371,55,1.035060130059719,0,0
2022,18363,36,1.6071879789233208,0,0
2022,18365,23,0.42218341678380966,1,0
2022,18370,22,0.16047639958560467,1,0
2022,18368,50,2.037375465966761,0,0
2022,18380,42,0.6496742945164442,0,0
2022,18372,35,0.3040583012625575,0,0
2022,18373,38,0.9944323133677244,0,0
2022,18379,72,0.8953187828883529,0,0
2022,18387,50,0.927199786528945,0,0
2022,18390,48,0.4000247959047556,1,0
2022,18386,52,0.7433434994891286,0,0
2022,18392,63,2.369520580396056,1,0
2022,18394,52,1.4868286065757275,1,0
2022,18399,84,1.7801784118637443,1,0
2022,18393,74,0.5188669022172689,1,0
2022,18267,46,0.9693752117455006,0,1
2022,18411,40,0.2897784039378166,1,0
2022,18409,49,0.5132862981408834,1,0
2022,18413,43,0.7938286121934652,1,0
2022,18417,61,1.339030435308814,1,0
2022,18421,70,2.3910960173234344,1,0
2022,18425,87,1.9941927026957273,1,0
2022,18426,84,2.3819486778229475,0,0
2022,18429,38,1.2257528165355325,1,0
2022,18428,48,0.7342554125934839,1,0
2022,18438,16,0.42531421035528183,0,0
2022,18437,55,2.685342578217387,1,0
2022,18440,71,0.8989653019234538,1,0
2022,18444,80,2.4001590171828866,0,0
2022,18451,72,1.008305087685585,1,0
2022,18442,28,0.5349969919770956,0,0
2022,18450,81,0.5904640331864357,1,0
2022,18264,76,2.1648153848946095,1,0
2022,18269,45,0.898115174844861,1,0
2022,18458,66,1.2204882018268108,1,0
2022,18452,56,1.7754448167979717,0,1
2022,18455,50,0.7258535083383322,1,0
2022,18457,46,1.2677423860877752,1,0
2022,18470,34,0.23897829744964838,1,0
2022,18465,25,0.158563494682312,0,0
2022,18265,96,0.8951976140961051,0,0
2022,18473,79,1.4477265998721123,1,0
2022,18481,48,1.1700706128031015,0,0
2022,18472,42,0.4554089978337288,1,0
2022,18482,46,0.8849995825439692,1,0
2022,18485,55,2.3311116322875023,0,0
2022,18489,87,2.401773925870657,1,0
2022,18266,90,2.4646308133378625,0,0
2022,18268,12,0.05065410025417805,0,0
2022,18498,70,4.305106597021222,1,0
2022,18492,94,0.7454132065176964,1,0
2022,18499,57,0.5652664946392179,0,0
2022,18497,27,0.7905663065612316,0,1
2022,18502,63,1.3916568076238036,1,0
2022,18508,67,0.6290963003411889,0,0
2022,18511,68,1.3663946148008108,1,0
2022,18506,12,0.40119078382849693,1,0
2022,18510,9,0.1824806034564972,0,1
2022,18507,75,3.334480128251016,0,0
2022,18505,38,0.7665626928210258,0,0
2022,18512,13,0.12506557628512383,0,1
2022,18517,71,0.7243587924167514,1,0
2022,18513,11,0.11881856434047222,0,0
2022,18521,5,0.28029859997332096,1,0
2022,18531,45,1.0625114599242806,1,0
2022,18522,71,1.2602646574378014,0,0
2022,18525,43,1.3932113479822874,0,1
2022,18535,12,0.13136959075927734,1,0
2022,18533,23,0.5302264355123043,1,0
2022,18539,4,0.0,1,0
2022,18532,30,1.080802220851183,1,0
2022,18478,69,1.642423102632165,1,0
2022,18546,26,1.028334703296423,1,0
2022,18544,17,0.28881001845002174,1,0
2022,18543,28,0.6750376168638468,0,0
2022,18548,20,0.2760968282818794,1,0
2022,18553,71,1.6250429097563028,1,0
2022,18556,57,0.7673819800838828,1,0
2022,18560,93,2.371553448960185,1,0
2022,18561,71,0.4289189940318465,0,0
2022,18554,42,1.8750602398067713,1,0
2022,18557,38,0.7908730879426003,0,0
2022,18552,85,1.651190466247499,0,0
2022,18559,35,0.4599809776991606,0,0
2022,18563,39,1.511063789948821,1,0
2022,18520,50,1.7398811504244804,1,0
2022,18572,13,0.05318666249513626,1,0
2022,18573,25,0.3690743539482355,1,0
2022,18578,46,0.829880858771503,0,0
2022,18579,61,0.5900364574044943,1,0
2022,18581,13,0.0,0,1
2023,22275,35,0.28556540980935097,0,0
2023,22276,31,0.33862632140517235,1,0
2023,22278,70,2.381445293314755,1,0
2023,22286,45,1.4346918584778905,0,0
2023,22287,65,0.9379813149571419,0,0
2023,22292,23,0.3392292633652687,1,0
2023,22295,67,2.196115099824965,1,0
2023,22296,62,1.0759317334741354,0,0
2023,22300,3,0.030174629762768745,0,1
2023,22301,57,1.8530447483062744,0,0
2023,22302,19,0.39331364445388317,0,0
2023,21925,84,1.9250341141596437,0,0
2023,21931,64,0.9685327708721161,1,0
2023,21933,54,2.3760754503309727,1,0
2023,21940,52,0.6031925026327372,0,0
2023,21946,13,0.08457133173942566,1,0
2023,21954,30,0.5448505561798811,0,0
2023,21955,20,0.4567698808386922,1,0
2023,21956,30,1.1369520109146833,0,0
2023,21958,75,2.9438830697908998,1,0
2023,21959,43,0.3739920677617192,0,0
2023,21960,36,2.0807537818327546,1,0
2023,21964,18,0.08116786926984787,0,0
2023,21969,36,0.4928218200802803,1,0
2023,21970,91,1.9043580796569586,1,0
2023,21979,96,1.1732888198457658,1,0
2023,21977,61,1.9538681209087372,1,0
2023,21980,18,0.13239290565252304,1,0
2023,21981,43,2.189162267372012,1,0
2023,21982,75,3.111370970495045,1,1
2023,21978,47,0.5493895299732685,1,1
2023,21976,50,1.2671583909541368,1,0
2023,21984,53,0.8499159049242735,1,0
2023,21989,95,3.186797217465937,0,0
2023,21986,49,0.28282965533435345,1,0
2023,21987,48,2.3521325793117285,1,0
2023,21991,34,0.7350392681546509,1,0
2023,21992,48,1.6545983888208866,0,0
2023,21996,93,1.3072522804141045,0,0
2023,22000,32,0.50865881703794,1,0
2023,22002,46,0.5984409973025322,1,0
2023,22005,72,0.7109271008521318,1,0
2023,22007,63,1.2988352375105023,1,0
2023,22011,61,1.7454794049263,1,0
2023,22023,47,0.7383623085916042,0,0
2023,22017,55,1.381620447151363,0,0
2023,22026,12,0.0,1,0
2023,22027,55,0.9067401373758912,1,0
2023,22028,28,0.12506149895489216,1,0
2023,22029,20,0.0691336989402771,1,0
2023,22038,33,0.27076521050184965,1,0
2023,22040,93,2.0341768842190504,0,0
2023,22043,90,1.8106216387823224,0,0
2023,22037,85,3.4537188168615103,1,0
2023,22051,67,1.3432408459484577,0,0
2023,22048,91,1.8311678264290094,1,0
2023,22049,30,0.7256495608016849,1,0
2023,22053,37,1.5038155261427164,1,0
2023,22063,64,1.3201980199664831,0,0
2023,22059,60,0.38287696707993746,1,0
2023,22061,53,1.4953996185213327,1,1
2023,22062,63,2.02585915196687,1,0
2023,22058,24,0.9324169959872961,0,0
2023,22056,86,2.78176389914006,1,0
2023,22064,31,0.3487629611045122,1,0
2023,22072,77,1.3811292313039303,1,0
2023,22067,65,1.0703886672854424,0,0
2023,22071,17,1.1006791796535254,1,0
2023,22073,92,2.3527624383568764,1,0
2023,22075,61,0.8674899004399776,1,0
2023,22079,89,2.0979799972847104,0,0
2023,22082,25,0.10491588339209557,0,1
2023,22077,13,0.13479453697800636,0,0
2023,22078,23,1.4319310821592808,1,0
2023,22076,54,1.3819141956046224,0,0
2023,22089,36,0.41837125830352306,0,0
2023,22090,60,1.0964408377185464,1,0
2023,22094,52,0.612398250028491,1,0
2023,22092,70,2.076036447659135,1,0
2023,22103,58,1.7069678637199104,1,0
2023,22102,69,0.6759726814925671,0,0
2023,22108,71,1.1672809701412916,0,0
2023,22107,2,0.11619626730680466,1,0
2023,22105,35,0.8150338344275951,0,0
2023,22114,21,0.22562989592552185,1,0
2023,22113,38,0.5545776523649693,1,0
2023,22111,21,0.12354389578104019,0,0
2023,22118,32,0.1449894867837429,1,0
2023,22119,20,0.25489772018045187,0,1
2023,22124,15,0.4537287876009941,0,0
2023,22122,48,0.8731450382620096,1,0
2023,22116,66,2.353699746541679,1,0
2023,22130,84,0.9499053917825222,1,0
2023,22127,35,1.2788627203553915,1,0
2023,22129,35,0.7501903269439936,0,0
2023,22134,76,1.8655017437413335,0,0
2023,22133,40,1.2048369720578194,0,0
2023,22135,54,1.3826481252908707,0,0
2023,22136,40,0.11471841298043728,0,0
2023,22138,55,1.0013744253665209,0,0
2023,22142,94,2.280635387636721,1,0
2023,22143,23,0.6032247357070446,0,0
2023,22139,6,0.12363811209797859,0,0
2023,22147,28,0.3258035108447075,1,0
2023,22150,71,0.8492799364030361,1,0
2023,22146,64,1.7277458738535643,1,0
2023,22153,6,0.5315188970416784,1,0
2023,22158,31,0.1182811176404357,1,0
2023,22161,32,0.49923182651400566,1,0
2023,22159,37,0.9522570576518774,0,0
2023,22156,87,2.550439207814634,0,0
2023,22163,14,0.5246611051261425,0,0
2023,22172,35,1.44548593275249,1,0
2023,22165,63,3.086073262616992,0,1
2023,22167,52,0.7903632335364819,0,0
2023,25861,30,0.4588227868080139,0,1
2023,22177,61,1.740170244127512,1,0
2023,22180,48,1.1014317255467176,1,0
2023,22186,64,2.0988896982744336,1,0
2023,22198,18,0.5205570068210363,1,0
2023,22203,75,1.9529182841069996,1,0
2023,22201,18,0.35418143309652805,1,0
2023,22205,45,0.43268273398280144,1,1
2023,22206,61,2.2680266685783863,0,0
2023,22222,31,0.9068361110985279,1,0
2023,22221,75,2.74375107139349,1,0
2023,22224,71,3.1046026265248656,0,0
2023,22216,86,2.3859258093871176,0,0
2023,22219,17,1.489775775000453,1,0
2023,22230,45,1.2402982581406832,0,0
2023,22232,39,2.043797506019473,0,0
2023,22234,94,1.2460252027958632,0,0
2023,22228,75,1.4397642612457275,1,0
2023,22227,15,0.43766597658395767,1,0
2023,22175,51,2.690855920314789,1,0
2023,22178,87,0.7585860593244433,1,0
2023,22179,57,2.380992066115141,1,0
2023,22176,25,0.32558675296604633,0,0
2023,22244,49,1.0825636954978108,1,0
2023,22235,51,2.0748900920152664,1,0
2023,22241,37,0.6780069582164288,0,1
2023,22242,70,2.5216222256422043,0,0
2023,22149,71,2.4408737355843186,1,0
2023,22245,69,2.868530709296465,1,0
2023,22248,34,1.4434816278517246,0,0
2023,22253,34,0.5058488938957453,1,0
2023,22249,29,0.5758896861225367,1,0
2023,22251,44,1.4755709171295166,1,0
2023,22250,39,0.48525048047304153,1,0
2023,22258,58,1.1330794133245945,0,0
2023,22264,27,0.5198748512193561,0,0
2023,22233,90,2.7411805912852287,0,0
2023,22226,63,1.7544763395562768,0,0
2023,22266,35,1.0413303915411234,0,0
2023,22267,87,2.4507946595549583,0,0
2023,22268,13,0.19069349020719528,0,0
2023,22269,47,1.591423325240612,1,0
2023,22270,38,0.5911992620676756,1,0
2023,22271,39,1.1730318181216717,1,0
2023,22273,17,0.2428392991423607,1,0
2023,22274,58,2.2819235250353813,0,0
